{
    "total_runtime": 117.56398224830627,
    "num_documents": 1,
    "input_load_time": 0,
    "workflows": {
        "create_base_text_units": {
            "overall": 0.40549397468566895,
            "0_orderby": 0.010929346084594727,
            "1_zip": 0.007898330688476562,
            "2_aggregate_override": 0.018991947174072266,
            "3_chunk": 0.2878546714782715,
            "4_select": 0.006909370422363281,
            "5_unroll": 0.014579057693481445,
            "6_rename": 0.010652303695678711,
            "7_genid": 0.009765625,
            "8_unzip": 0.0,
            "9_copy": 0.015413045883178711,
            "10_filter": 0.019452571868896484
        },
        "create_base_extracted_entities": {
            "overall": 22.892040252685547,
            "0_entity_extract": 22.841800451278687,
            "1_merge_graphs": 0.04245448112487793
        },
        "create_summarized_entities": {
            "overall": 8.961733341217041,
            "0_summarize_descriptions": 8.955627679824829
        },
        "create_base_entity_graph": {
            "overall": 0.14133667945861816,
            "0_cluster_graph": 0.12658381462097168,
            "1_select": 0.007933616638183594
        },
        "create_final_entities": {
            "overall": 2.170797824859619,
            "0_unpack_graph": 0.04318428039550781,
            "1_rename": 0.010806560516357422,
            "2_select": 0.018470048904418945,
            "3_dedupe": 0.012651681900024414,
            "4_rename": 0.00945281982421875,
            "5_filter": 0.02260136604309082,
            "6_text_split": 0.010810613632202148,
            "7_drop": 0.011220693588256836,
            "8_merge": 0.04087638854980469,
            "9_text_embed": 1.9386787414550781,
            "10_drop": 0.013305902481079102,
            "11_filter": 0.030821561813354492
        },
        "create_final_nodes": {
            "overall": 0.5309031009674072,
            "0_layout_graph": 0.17099905014038086,
            "1_unpack_graph": 0.07702970504760742,
            "2_unpack_graph": 0.0583648681640625,
            "3_drop": 0.014995574951171875,
            "4_filter": 0.03829145431518555,
            "5_select": 0.01609969139099121,
            "6_rename": 0.018819808959960938,
            "7_join": 0.03348183631896973,
            "8_convert": 0.07699131965637207,
            "9_rename": 0.015037059783935547
        },
        "create_final_communities": {
            "overall": 0.48871779441833496,
            "0_unpack_graph": 0.04613947868347168,
            "1_unpack_graph": 0.050635576248168945,
            "2_aggregate_override": 0.024949312210083008,
            "3_join": 0.024966001510620117,
            "4_join": 0.02512669563293457,
            "5_concat": 0.017467260360717773,
            "6_filter": 0.0951223373413086,
            "7_aggregate_override": 0.026282072067260742,
            "8_join": 0.021158695220947266,
            "9_filter": 0.04418754577636719,
            "10_fill": 0.017215728759765625,
            "11_merge": 0.026822328567504883,
            "12_copy": 0.020294904708862305,
            "13_select": 0.03543806076049805
        },
        "join_text_units_to_entity_ids": {
            "overall": 0.07863163948059082,
            "0_select": 0.016644954681396484,
            "1_unroll": 0.020404815673828125,
            "2_aggregate_override": 0.02532649040222168
        },
        "create_final_relationships": {
            "overall": 0.3335425853729248,
            "0_unpack_graph": 0.052942752838134766,
            "1_filter": 0.048706769943237305,
            "2_rename": 0.021998882293701172,
            "3_filter": 0.060272932052612305,
            "4_drop": 0.02623128890991211,
            "5_compute_edge_combined_degree": 0.030254125595092773,
            "6_convert": 0.04974079132080078,
            "7_convert": 0.02758502960205078
        },
        "join_text_units_to_relationship_ids": {
            "overall": 0.12253689765930176,
            "0_select": 0.023166894912719727,
            "1_unroll": 0.027845382690429688,
            "2_aggregate_override": 0.02951788902282715,
            "3_select": 0.02297353744506836
        },
        "create_final_community_reports": {
            "overall": 76.48673439025879,
            "0_prepare_community_reports_nodes": 0.026905059814453125,
            "1_prepare_community_reports_edges": 0.025151491165161133,
            "2_restore_community_hierarchy": 0.03299999237060547,
            "3_prepare_community_reports": 0.22966265678405762,
            "4_create_community_reports": 76.12109684944153,
            "5_window": 0.029299497604370117
        },
        "create_final_text_units": {
            "overall": 0.27467775344848633,
            "0_select": 0.028637170791625977,
            "1_rename": 0.03211808204650879,
            "2_join": 0.0401303768157959,
            "3_join": 0.06792902946472168,
            "4_aggregate_override": 0.0464632511138916,
            "5_select": 0.032143354415893555
        },
        "create_base_documents": {
            "overall": 0.3628380298614502,
            "0_unroll": 0.03532099723815918,
            "1_select": 0.03322196006774902,
            "2_rename": 0.03176689147949219,
            "3_join": 0.038239240646362305,
            "4_aggregate_override": 0.04031062126159668,
            "5_join": 0.04499316215515137,
            "6_rename": 0.03757214546203613,
            "7_convert": 0.07112526893615723
        },
        "create_final_documents": {
            "overall": 0.07259845733642578,
            "0_rename": 0.03857541084289551
        }
    }
}