{
    "total_runtime": 641.0761456489563,
    "num_documents": 1,
    "input_load_time": 0,
    "workflows": {
        "create_base_text_units": {
            "overall": 3.51248836517334,
            "0_orderby": 0.003113985061645508,
            "1_zip": 0.002738475799560547,
            "2_aggregate_override": 0.005375385284423828,
            "3_chunk": 3.4522716999053955,
            "4_select": 0.0023071765899658203,
            "5_unroll": 0.00812983512878418,
            "6_rename": 0.004101753234863281,
            "7_genid": 0.007753849029541016,
            "8_unzip": 0.0042591094970703125,
            "9_copy": 0.004714250564575195,
            "10_filter": 0.015692472457885742
        },
        "create_base_extracted_entities": {
            "overall": 637.2371656894684,
            "0_entity_extract": 637.1964378356934,
            "1_merge_graphs": 0.03968238830566406
        }
    }
}