{
    "total_runtime": 75.05161356925964,
    "num_documents": 1,
    "input_load_time": 0,
    "workflows": {
        "create_base_text_units": {
            "overall": 0.28338027000427246,
            "0_orderby": 0.0019998550415039062,
            "1_zip": 0.003518342971801758,
            "2_aggregate_override": 0.0044858455657958984,
            "3_chunk": 0.22461748123168945,
            "4_select": 0.004888057708740234,
            "5_unroll": 0.008381128311157227,
            "6_rename": 0.0035049915313720703,
            "7_genid": 0.005537271499633789,
            "8_unzip": 0.0045130252838134766,
            "9_copy": 0.004857301712036133,
            "10_filter": 0.014568328857421875
        },
        "create_base_extracted_entities": {
            "overall": 74.38603115081787,
            "0_entity_extract": 74.3428406715393,
            "1_merge_graphs": 0.03768110275268555
        }
    }
}